,Date,Place,Tier,Tournament,Result,Prize,Tournament_Link,Prize_Clean,Cumulative_Prize,Game
240,2015-01-25,5th - 6th,S-Tier,Offline,Offline,,https://liquipedia.net/counterstrike/MLG/Aspen_Invitational,0.0,0.0,CS:GO/CS2
241,2015-05-03,7th - 8th,S-Tier,Offline,Offline,3000.0,https://liquipedia.net/counterstrike/FACEIT/League/Finals/2015,3000.0,3000.0,CS:GO/CS2
242,2015-05-16,9th - 10th,S-Tier,Offline,Offline,,https://liquipedia.net/counterstrike/Gfinity/Masters/Spring_2,0.0,3000.0,CS:GO/CS2
243,2015-06-22,5th,S-Tier,Online,Online,13000.0,https://liquipedia.net/counterstrike/ESL_ESEA/Pro_League/Season_1/North_America,13000.0,16000.0,CS:GO/CS2
244,2015-07-11,5th - 8th,S-Tier,Offline,Offline,3500.0,https://liquipedia.net/counterstrike/Electronic_Sports_World_Cup/2015,3500.0,19500.0,CS:GO/CS2
245,2015-07-17,7th - 8th,S-Tier,Offline,Offline,4000.0,https://liquipedia.net/counterstrike/FACEIT/League/2015/Stage_2/Finals,4000.0,23500.0,CS:GO/CS2
246,2015-07-25,7th - 8th,S-Tier,Offline,Offline,,https://liquipedia.net/counterstrike/CEVO/Season_7/Professional,0.0,23500.0,CS:GO/CS2
247,2015-10-03,4th,S-Tier,Offline,Offline,5000.0,https://liquipedia.net/counterstrike/PGL/Championship_Series/Season_1,5000.0,28500.0,CS:GO/CS2
248,2015-10-29,13th - 16th,S-Tier,Offline,Offline,2000.0,https://liquipedia.net/counterstrike/DreamHack/2015/Cluj-Napoca,2000.0,30500.0,CS:GO/CS2
249,2015-11-07,7th - 8th,S-Tier,Offline,Offline,2500.0,https://liquipedia.net/counterstrike/CEVO/Season_8/Professional,2500.0,33000.0,CS:GO/CS2
250,2015-11-19,1st,S-Tier,Online,Online,18000.0,https://liquipedia.net/counterstrike/ESL_ESEA/Pro_League/Season_2/North_America,18000.0,51000.0,CS:GO/CS2
251,2015-11-22,3rd - 4th,S-Tier,Offline,Offline,11250.0,https://liquipedia.net/counterstrike/Intel_Extreme_Masters/Season_X/San_Jose,11250.0,62250.0,CS:GO/CS2
252,2015-11-27,5th - 6th,S-Tier,Offline,Offline,15000.0,https://liquipedia.net/counterstrike/FACEIT/League/2015/Stage_3/Finals,15000.0,77250.0,CS:GO/CS2
253,2015-12-12,5th - 6th,S-Tier,Offline,Offline,12500.0,https://liquipedia.net/counterstrike/ESL_ESEA/Pro_League/Season_2/Finals,12500.0,89750.0,CS:GO/CS2
254,2016-04-03,3rd - 4th,S-Tier,Offline,Offline,70000.0,https://liquipedia.net/counterstrike/MLG/2016/Columbus,70000.0,159750.0,CS:GO/CS2
255,2016-04-13,13th - 16th,S-Tier,Offline,Offline,2000.0,https://liquipedia.net/counterstrike/DreamHack/2016/Malm%C3%B6,2000.0,161750.0,CS:GO/CS2
256,2016-04-26,4th,S-Tier,Online,Online,,https://liquipedia.net/counterstrike/ESL/Pro_League/Season_3/North_America,0.0,161750.0,CS:GO/CS2
257,2016-05-12,5th - 6th,S-Tier,Offline,Offline,36000.0,https://liquipedia.net/counterstrike/ESL/Pro_League/Season_3/Finals,36000.0,197750.0,CS:GO/CS2
258,2016-05-26,17th - 22nd,S-Tier,Offline,Offline,30000.0,https://liquipedia.net/counterstrike/ELEAGUE/Season_1,30000.0,227750.0,CS:GO/CS2
259,2016-06-25,5th - 6th,S-Tier,Offline,Offline,65000.0,https://liquipedia.net/counterstrike/Esports_Championship_Series/Season_1,65000.0,292750.0,CS:GO/CS2
260,2016-07-10,2nd,S-Tier,Offline,Offline,150000.0,https://liquipedia.net/counterstrike/ESL/One/2016/Cologne,150000.0,442750.0,CS:GO/CS2
261,2016-10-02,3rd - 4th,S-Tier,Offline,Offline,25000.0,https://liquipedia.net/counterstrike/ESL/One/2016/New_York,25000.0,467750.0,CS:GO/CS2
262,2016-10-13,7th,S-Tier,Online,Online,,https://liquipedia.net/counterstrike/ESL/Pro_League/Season_4/North_America,0.0,467750.0,CS:GO/CS2
263,2016-10-28,7th - 8th,S-Tier,Offline,Offline,30000.0,https://liquipedia.net/counterstrike/ESL/Pro_League/Season_4/Finals,30000.0,497750.0,CS:GO/CS2
264,2016-11-16,7th - 8th,S-Tier,Offline,Offline,7000.0,https://liquipedia.net/counterstrike/Intel_Extreme_Masters/Season_XI/Oakland,7000.0,504750.0,CS:GO/CS2
265,2017-01-25,9th - 11th,S-Tier,Offline,Offline,8750.0,https://liquipedia.net/counterstrike/ELEAGUE/2017/Major,8750.0,513500.0,CS:GO/CS2
266,2017-05-11,2nd,S-Tier,Online,Online,,https://liquipedia.net/counterstrike/ESL/Pro_League/Season_5/North_America,0.0,513500.0,CS:GO/CS2
267,2017-06-03,3rd - 4th,S-Tier,Offline,Offline,60000.0,https://liquipedia.net/counterstrike/ESL/Pro_League/Season_5/Finals,60000.0,573500.0,CS:GO/CS2
268,2017-06-24,5th - 6th,S-Tier,Offline,Offline,45000.0,https://liquipedia.net/counterstrike/Esports_Championship_Series/Season_3,45000.0,618500.0,CS:GO/CS2
269,2017-07-07,5th - 8th,S-Tier,Offline,Offline,10000.0,https://liquipedia.net/counterstrike/ESL/One/2017/Cologne,10000.0,628500.0,CS:GO/CS2
270,2017-09-10,2nd,S-Tier,Offline,Offline,48112.31,https://liquipedia.net/counterstrike/ESG_Tour/2017/Mykonos,48112.31,676612.31,CS:GO/CS2
271,2017-09-17,2nd,S-Tier,Offline,Offline,50000.0,https://liquipedia.net/counterstrike/ESL/One/2017/New_York,50000.0,726612.31,CS:GO/CS2
272,2017-09-30,13th - 16th,S-Tier,Offline,Offline,8750.0,https://liquipedia.net/counterstrike/ELEAGUE/2017/Premier,8750.0,735362.31,CS:GO/CS2
273,2017-10-25,7th - 8th,S-Tier,Offline,Offline,10000.0,https://liquipedia.net/counterstrike/EPICENTER/2017,10000.0,745362.31,CS:GO/CS2
274,2017-11-12,3rd,S-Tier,Online,Online,,https://liquipedia.net/counterstrike/ESL/Pro_League/Season_6/North_America,0.0,745362.31,CS:GO/CS2
275,2017-11-15,11th - 12th,S-Tier,Offline,Offline,4000.0,https://liquipedia.net/counterstrike/Intel_Extreme_Masters/Season_XII/Oakland,4000.0,749362.31,CS:GO/CS2
276,2017-12-06,11th - 12th,S-Tier,Offline,Offline,32500.0,https://liquipedia.net/counterstrike/ESL/Pro_League/Season_6/Finals,32500.0,781862.31,CS:GO/CS2
277,2017-12-15,7th - 8th,S-Tier,Offline,Offline,35000.0,https://liquipedia.net/counterstrike/Esports_Championship_Series/Season_4,35000.0,816862.31,CS:GO/CS2
278,2018-01-22,12th - 14th,S-Tier,Offline,Offline,8750.0,https://liquipedia.net/counterstrike/ELEAGUE/2018/Major,8750.0,825612.31,CS:GO/CS2
279,2018-02-25,3rd,S-Tier,Offline,Offline,30000.0,https://liquipedia.net/counterstrike/StarLadder_i-League/StarSeries/Season_4,30000.0,855612.31,CS:GO/CS2
280,2018-03-03,3rd - 4th,S-Tier,Offline,Offline,40000.0,https://liquipedia.net/counterstrike/Intel_Extreme_Masters/Season_XII/World_Championship,40000.0,895612.31,CS:GO/CS2
281,2018-04-20,9th - 12th,S-Tier,Offline,Offline,2000.0,https://liquipedia.net/counterstrike/DreamHack/2018/Marseille,2000.0,897612.31,CS:GO/CS2
282,2018-04-26,1st,S-Tier,Online,Online,,https://liquipedia.net/counterstrike/ESL/Pro_League/Season_7/North_America,0.0,897612.31,CS:GO/CS2
283,2018-05-20,2nd,S-Tier,Offline,Offline,110000.0,https://liquipedia.net/counterstrike/ESL/Pro_League/Season_7/Finals,110000.0,1007612.31,CS:GO/CS2
284,2018-06-02,5th - 8th,S-Tier,Offline,Offline,10000.0,https://liquipedia.net/counterstrike/StarSeries_i-League/Season_5,10000.0,1017612.31,CS:GO/CS2
285,2018-06-10,2nd,S-Tier,Offline,Offline,120000.0,https://liquipedia.net/counterstrike/Esports_Championship_Series/Season_5,120000.0,1137612.31,CS:GO/CS2
286,2018-06-16,3rd - 4th,S-Tier,Offline,Offline,17000.0,https://liquipedia.net/counterstrike/ESL/One/2018/Belo_Horizonte,17000.0,1154612.31,CS:GO/CS2
287,2018-07-04,13th - 16th,S-Tier,Offline,Offline,5000.0,https://liquipedia.net/counterstrike/ESL/One/2018/Cologne,5000.0,1159612.31,CS:GO/CS2
288,2018-07-29,2nd,S-Tier,Offline,Offline,200000.0,https://liquipedia.net/counterstrike/ELEAGUE/2018/Premier,200000.0,1359612.31,CS:GO/CS2
289,2018-09-22,3rd - 4th,S-Tier,Offline,Offline,70000.0,https://liquipedia.net/counterstrike/FACEIT/2018/Major,70000.0,1429612.31,CS:GO/CS2
290,2018-09-30,2nd,S-Tier,Offline,Offline,50000.0,https://liquipedia.net/counterstrike/ESL/One/2018/New_York,50000.0,1479612.31,CS:GO/CS2
291,2018-10-28,3rd - 4th,S-Tier,Offline,Offline,20000.0,https://liquipedia.net/counterstrike/EPICENTER/2018,20000.0,1499612.31,CS:GO/CS2
292,2018-11-11,2nd,S-Tier,Offline,Offline,42000.0,https://liquipedia.net/counterstrike/Intel_Extreme_Masters/Season_XIII/Chicago,42000.0,1541612.31,CS:GO/CS2
293,2018-11-14,3rd,S-Tier,Online,Online,,https://liquipedia.net/counterstrike/ESL/Pro_League/Season_8/North_America,0.0,1541612.31,CS:GO/CS2
294,2018-11-23,7th - 8th,S-Tier,Offline,Offline,35000.0,https://liquipedia.net/counterstrike/Esports_Championship_Series/Season_6,35000.0,1576612.31,CS:GO/CS2
295,2018-12-09,2nd,S-Tier,Offline,Offline,110000.0,https://liquipedia.net/counterstrike/ESL/Pro_League/Season_8/Finals,110000.0,1686612.31,CS:GO/CS2
296,2019-02-28,5th - 8th,S-Tier,Offline,Offline,35000.0,https://liquipedia.net/counterstrike/Intel_Extreme_Masters/Season_XIII/World_Championship,35000.0,1721612.31,CS:GO/CS2
297,2019-04-26,1st - 4th,S-Tier,Offline,Offline,,https://liquipedia.net/counterstrike/ESL/Pro_League/Season_9/Americas,0.0,1721612.31,CS:GO/CS2
298,2019-05-05,1st,S-Tier,Offline,Offline,100000.0,https://liquipedia.net/counterstrike/Intel_Extreme_Masters/Season_XIV/Sydney,100000.0,1821612.31,CS:GO/CS2
299,2019-06-02,1st,S-Tier,Offline,Offline,100000.0,https://liquipedia.net/counterstrike/DreamHack/2019/Dallas,100000.0,1921612.31,CS:GO/CS2
300,2019-06-23,1st,S-Tier,Offline,Offline,250000.0,https://liquipedia.net/counterstrike/ESL/Pro_League/Season_9/Finals,250000.0,2171612.31,CS:GO/CS2
301,2019-07-07,1st,S-Tier,Offline,Offline,125000.0,https://liquipedia.net/counterstrike/ESL/One/2019/Cologne,125000.0,2296612.31,CS:GO/CS2
302,2019-07-21,1st,S-Tier,Offline,Offline,125000.0,https://liquipedia.net/counterstrike/Intel_Extreme_Masters/Season_XIV/Chicago,125000.0,2421612.31,CS:GO/CS2
303,2019-09-06,5th - 8th,S-Tier,Offline,Offline,35000.0,https://liquipedia.net/counterstrike/StarLadder/2019/Major,35000.0,2456612.31,CS:GO/CS2
304,2019-09-28,3rd - 4th,S-Tier,Offline,Offline,18000.0,https://liquipedia.net/counterstrike/ESL/One/2019/New_York,18000.0,2474612.31,CS:GO/CS2
305,2019-10-03,9th - 12th,S-Tier,Offline,Offline,4000.0,https://liquipedia.net/counterstrike/DreamHack/2019/Malm%C3%B6,4000.0,2478612.31,CS:GO/CS2
306,2019-10-17,1st - 4th,S-Tier,Offline,Offline,,https://liquipedia.net/counterstrike/ESL/Pro_League/Season_10/Americas,0.0,2478612.31,CS:GO/CS2
307,2019-12-01,2nd,S-Tier,Offline,Offline,100000.0,https://liquipedia.net/counterstrike/Esports_Championship_Series/Season_8,100000.0,2578612.31,CS:GO/CS2
308,2019-12-06,5th - 6th,S-Tier,Offline,Offline,20000.0,https://liquipedia.net/counterstrike/ESL/Pro_League/Season_10/Finals,20000.0,2598612.31,CS:GO/CS2
309,2019-12-14,2nd,S-Tier,Offline,Offline,80000.0,https://liquipedia.net/counterstrike/BLAST/Pro_Series/2019/Global_Final,80000.0,2678612.31,CS:GO/CS2
310,2020-02-02,4th - 6th,S-Tier,Offline,Offline,35000.0,https://liquipedia.net/counterstrike/BLAST/Premier/2020/Spring/Regular_Season,35000.0,2713612.31,CS:GO/CS2
311,2020-03-01,5th - 6th,S-Tier,Offline,Offline,15000.0,https://liquipedia.net/counterstrike/Intel_Extreme_Masters/Season_XIV/World_Championship,15000.0,2728612.31,CS:GO/CS2
312,2020-04-12,1st,S-Tier,Online,Online,90000.0,https://liquipedia.net/counterstrike/ESL/Pro_League/Season_11/North_America,90000.0,2818612.31,CS:GO/CS2
313,2020-06-18,4th,S-Tier,Online,Online,10000.0,https://liquipedia.net/counterstrike/BLAST/Premier/2020/Spring/Americas,10000.0,2828612.31,CS:GO/CS2
314,2020-08-29,2nd,S-Tier,Online,Online,30000.0,https://liquipedia.net/counterstrike/ESL/One/2020/Cologne/North_America,30000.0,2858612.31,CS:GO/CS2
315,2020-09-25,4th,S-Tier,Online,Online,27500.0,https://liquipedia.net/counterstrike/ESL/Pro_League/Season_12/North_America,27500.0,2886112.31,CS:GO/CS2
316,2020-12-02,13th - 16th,S-Tier,Online,Online,1500.0,https://liquipedia.net/counterstrike/DreamHack/2020/Winter/Europe,1500.0,2887612.31,CS:GO/CS2
317,2020-12-20,2nd,S-Tier,Online,Online,100000.0,https://liquipedia.net/counterstrike/Intel_Extreme_Masters/Season_XV/Global_Challenge,100000.0,2987612.31,CS:GO/CS2
318,2021-01-23,4th,S-Tier,Online,Online,50000.0,https://liquipedia.net/counterstrike/BLAST/Premier/2020/Global_Final,50000.0,3037612.31,CS:GO/CS2
319,2021-02-14,7th - 9th,S-Tier,Online,Online,7500.0,https://liquipedia.net/counterstrike/BLAST/Premier/2021/Spring/Groups,7500.0,3045112.31,CS:GO/CS2
320,2021-02-27,3rd - 4th,S-Tier,Online,Online,80000.0,https://liquipedia.net/counterstrike/Intel_Extreme_Masters/Season_XV/World_Championship,80000.0,3125112.31,CS:GO/CS2
321,2021-04-02,9th - 12th,S-Tier,Online,Online,30000.0,https://liquipedia.net/counterstrike/ESL/Pro_League/Season_13,30000.0,3155112.31,CS:GO/CS2
322,2021-07-10,9th - 12th,S-Tier,Offline,Offline,16000.0,https://liquipedia.net/counterstrike/Intel_Extreme_Masters/Season_XVI/Cologne,16000.0,3171112.31,CS:GO/CS2
323,2021-09-10,5th - 8th,S-Tier,Online,Online,33750.0,https://liquipedia.net/counterstrike/ESL/Pro_League/Season_14,33750.0,3204862.31,CS:GO/CS2
324,2021-09-18,7th - 9th,S-Tier,Online,Online,7500.0,https://liquipedia.net/counterstrike/BLAST/Premier/2021/Fall/Groups,7500.0,3212362.31,CS:GO/CS2
325,2021-11-01,12th - 14th,S-Tier,Offline,Offline,17500.0,https://liquipedia.net/counterstrike/PGL/2021/Stockholm,17500.0,3229862.31,CS:GO/CS2
326,2021-11-27,5th - 6th,S-Tier,Offline,Offline,15000.0,https://liquipedia.net/counterstrike/BLAST/Premier/2021/Fall,15000.0,3244862.31,CS:GO/CS2
327,2021-12-04,7th - 8th,S-Tier,Offline,Offline,6000.0,https://liquipedia.net/counterstrike/Intel_Extreme_Masters/Season_XVI/Winter,6000.0,3250862.31,CS:GO/CS2
328,2021-12-18,4th,S-Tier,Offline,Offline,50000.0,https://liquipedia.net/counterstrike/BLAST/Premier/2021/World_Final,50000.0,3300862.31,CS:GO/CS2
329,2022-02-03,10th - 12th,S-Tier,Online,Online,5666.0,https://liquipedia.net/counterstrike/BLAST/Premier/2022/Spring/Groups,5666.0,3306528.31,CS:GO/CS2
330,2022-02-19,13th - 16th,S-Tier,Offline,Offline,10000.0,https://liquipedia.net/counterstrike/Intel_Extreme_Masters/Season_XVI/Katowice,10000.0,3316528.31,CS:GO/CS2
331,2022-04-07,5th - 8th,S-Tier,Offline,Offline,32500.0,https://liquipedia.net/counterstrike/ESL/Pro_League/Season_15,32500.0,3349028.31,CS:GO/CS2
332,2022-05-15,15th - 16th,S-Tier,Offline,Offline,8750.0,https://liquipedia.net/counterstrike/PGL/2022/Antwerp,8750.0,3357778.31,CS:GO/CS2
333,2022-06-01,7th - 8th,S-Tier,Offline,Offline,6000.0,https://liquipedia.net/counterstrike/Intel_Extreme_Masters/Season_XVII/Dallas,6000.0,3363778.31,CS:GO/CS2
334,2022-07-15,5th - 6th,S-Tier,Offline,Offline,40000.0,https://liquipedia.net/counterstrike/Intel_Extreme_Masters/Season_XVII/Cologne,40000.0,3403778.31,CS:GO/CS2
335,2022-08-27,1st - 3rd,S-Tier,Offline,Offline,27500.0,https://liquipedia.net/counterstrike/BLAST/Premier/2022/Fall/Groups,27500.0,3431278.31,CS:GO/CS2
336,2022-10-02,2nd,S-Tier,Offline,Offline,85000.0,https://liquipedia.net/counterstrike/ESL/Pro_League/Season_16,85000.0,3516278.31,CS:GO/CS2
337,2022-11-08,9th - 11th,S-Tier,Offline,Offline,20000.0,https://liquipedia.net/counterstrike/Intel_Extreme_Masters/2022/Rio,20000.0,3536278.31,CS:GO/CS2
338,2022-11-26,3rd - 4th,S-Tier,Offline,Offline,40000.0,https://liquipedia.net/counterstrike/BLAST/Premier/2022/Fall,40000.0,3576278.31,CS:GO/CS2
339,2022-12-18,2nd,S-Tier,Offline,Offline,250000.0,https://liquipedia.net/counterstrike/BLAST/Premier/2022/World_Final,250000.0,3826278.31,CS:GO/CS2
340,2023-01-27,10th - 12th,S-Tier,Offline,Offline,5666.0,https://liquipedia.net/counterstrike/BLAST/Premier/2023/Spring/Groups,5666.0,3831944.31,CS:GO/CS2
341,2023-02-11,3rd - 4th,S-Tier,Offline,Offline,80000.0,https://liquipedia.net/counterstrike/Intel_Extreme_Masters/2023/Katowice,80000.0,3911944.31,CS:GO/CS2
342,2023-03-21,13th - 16th,S-Tier,Offline,Offline,20000.0,https://liquipedia.net/counterstrike/ESL/Pro_League/Season_17,20000.0,3931944.31,CS:GO/CS2
343,2023-05-19,5th - 8th,S-Tier,Offline,Offline,45000.0,https://liquipedia.net/counterstrike/BLAST/Major/2023/Paris,45000.0,3976944.31,CS:GO/CS2
344,2023-05-31,9th - 12th,S-Tier,Offline,Offline,5000.0,https://liquipedia.net/counterstrike/Intel_Extreme_Masters/2023/Dallas,5000.0,3981944.31,CS:GO/CS2
345,2023-07-22,7th - 9th,S-Tier,Offline,Offline,8500.0,https://liquipedia.net/counterstrike/BLAST/Premier/2023/Fall/Groups,8500.0,3990444.31,CS:GO/CS2
346,2023-07-28,17th - 20th,S-Tier,Offline,Offline,4500.0,https://liquipedia.net/counterstrike/Intel_Extreme_Masters/2023/Cologne,4500.0,3994944.31,CS:GO/CS2
347,2023-08-16,9th - 16th,S-Tier,Offline,Offline,15000.0,https://liquipedia.net/counterstrike/Gamers8/2023,15000.0,4009944.31,CS:GO/CS2
348,2024-01-28,7th - 8th,S-Tier,Offline,Offline,10500.0,https://liquipedia.net/counterstrike/BLAST/Premier/2024/Spring/Groups,10500.0,4020444.31,CS:GO/CS2
349,2024-04-12,5th - 6th,S-Tier,Offline,Offline,10000.0,https://liquipedia.net/counterstrike/Intel_Extreme_Masters/2024/Chengdu,10000.0,4030444.31,CS:GO/CS2
350,2024-05-10,5th - 8th,S-Tier,Offline,Offline,32000.0,https://liquipedia.net/counterstrike/ESL/Pro_League/Season_19,32000.0,4062444.31,CS:GO/CS2
351,2024-05-29,7th - 8th,S-Tier,Offline,Offline,6000.0,https://liquipedia.net/counterstrike/Intel_Extreme_Masters/2024/Dallas,6000.0,4068444.31,CS:GO/CS2
352,2024-08-03,1st - 4th,S-Tier,Offline,Offline,22500.0,https://liquipedia.net/counterstrike/BLAST/Premier/2024/Fall/Groups,22500.0,4090944.31,CS:GO/CS2
353,2024-08-13,7th - 8th,S-Tier,Offline,Offline,24000.0,https://liquipedia.net/counterstrike/Intel_Extreme_Masters/2024/Cologne,24000.0,4114944.31,CS:GO/CS2
354,2024-09-20,5th - 8th,S-Tier,Offline,Offline,32000.0,https://liquipedia.net/counterstrike/ESL/Pro_League/Season_20,32000.0,4146944.31,CS:GO/CS2
355,2024-09-27,5th - 6th,S-Tier,Offline,Offline,20000.0,https://liquipedia.net/counterstrike/BLAST/Premier/2024/Fall,20000.0,4166944.31,CS:GO/CS2
356,2024-10-08,9th - 12th,S-Tier,Offline,Offline,5000.0,https://liquipedia.net/counterstrike/Intel_Extreme_Masters/2024/Rio,5000.0,4171944.31,CS:GO/CS2
357,2024-10-31,7th - 8th,S-Tier,Offline,Offline,15000.0,https://liquipedia.net/counterstrike/BLAST/Premier/2024/World_Final,15000.0,4186944.31,CS:GO/CS2
358,2024-12-12,5th - 8th,S-Tier,Offline,Offline,45000.0,https://liquipedia.net/counterstrike/Perfect_World/Major/2024/Shanghai,45000.0,4231944.31,CS:GO/CS2
359,2025-02-04,9th - 12th,S-Tier,Offline,Offline,16000.0,https://liquipedia.net/counterstrike/Intel_Extreme_Masters/2025/Katowice,16000.0,4247944.31,CS:GO/CS2
360,2025-03-14,5th - 8th,S-Tier,Offline,Offline,18000.0,https://liquipedia.net/counterstrike/ESL/Pro_League/Season_21,18000.0,4265944.31,CS:GO/CS2
361,2025-03-23,9th - 12th,S-Tier,Offline,Offline,7500.0,https://liquipedia.net/counterstrike/BLAST/Open/2025/Spring,7500.0,4273444.31,CS:GO/CS2
362,2025-04-08,15th - 16th,S-Tier,Offline,Offline,6250.0,https://liquipedia.net/counterstrike/PGL/2025/Bucharest,6250.0,4279694.31,CS:GO/CS2
363,2025-04-25,5th - 6th,S-Tier,Offline,Offline,12500.0,https://liquipedia.net/counterstrike/Intel_Extreme_Masters/2025/Melbourne,12500.0,4292194.31,CS:GO/CS2
364,2025-05-21,9th - 12th,S-Tier,Offline,Offline,5000.0,https://liquipedia.net/counterstrike/Intel_Extreme_Masters/2025/Dallas,5000.0,4297194.31,CS:GO/CS2
365,2025-06-13,15th - 16th,S-Tier,Offline,Offline,15000.0,https://liquipedia.net/counterstrike/BLAST/Major/2025/Austin,15000.0,4312194.31,CS:GO/CS2
366,2025-07-28,13th - 16th,S-Tier,Offline,Offline,10000.0,https://liquipedia.net/counterstrike/Intel_Extreme_Masters/2025/Cologne,10000.0,4322194.31,CS:GO/CS2
367,2025-08-15,5th - 8th,S-Tier,Offline,Offline,18750.0,https://liquipedia.net/counterstrike/BLAST/Bounty/2025/Fall,18750.0,4340944.31,CS:GO/CS2
368,2025-08-20,9th - 16th,S-Tier,Offline,Offline,20000.0,https://liquipedia.net/counterstrike/Esports_World_Cup/2025,20000.0,4360944.31,CS:GO/CS2
369,2025-08-31,9th - 12th,S-Tier,Online,Online,7500.0,https://liquipedia.net/counterstrike/BLAST/Open/2025/Fall/Qualifier,7500.0,4368444.31,CS:GO/CS2
370,2025-09-20,3rd - 4th,S-Tier,Offline,Offline,40000.0,https://liquipedia.net/counterstrike/FISSURE/Playground/2,40000.0,4408444.31,CS:GO/CS2
371,2025-12-05,15th - 16th,S-Tier,Offline,Offline,20000.0,https://liquipedia.net/counterstrike/StarLadder/2025/Major,20000.0,4428444.31,CS:GO/CS2
372,2026-01-22,5th - 8th,S-Tier,Offline,Offline,11250.0,https://liquipedia.net/counterstrike/BLAST/Bounty/2026/Winter,11250.0,4439694.31,CS:GO/CS2
373,2026-01-30,17th - 20th,S-Tier,Offline,Offline,4500.0,https://liquipedia.net/counterstrike/Intel_Extreme_Masters/2026/Krak%C3%B3w,4500.0,4444194.31,CS:GO/CS2
374,2026-03-05,17th - 19th,S-Tier,Online,Online,6500.0,https://liquipedia.net/counterstrike/ESL/Pro_League/Season_23/Online_Stage,6500.0,4450694.31,CS:GO/CS2
375,2026-03-22,9th - 12th,S-Tier,Offline,Offline,7500.0,https://liquipedia.net/counterstrike/BLAST/Open/2026/Spring,7500.0,4458194.31,CS:GO/CS2
376,2026-04-14,13th - 16th,S-Tier,Offline,Offline,4000.0,https://liquipedia.net/counterstrike/Intel_Extreme_Masters/2026/Rio,4000.0,4462194.31,CS:GO/CS2
377,2026-05-13,9th - 12th,S-Tier,Offline,Offline,5000.0,https://liquipedia.net/counterstrike/Intel_Extreme_Masters/2026/Atlanta,5000.0,4467194.31,CS:GO/CS2
378,2026-05-21,9th - 12th,S-Tier,Offline,Offline,4000.0,https://liquipedia.net/counterstrike/CS_Asia_Championships/2026,4000.0,4471194.31,CS:GO/CS2
0,2013-03-11,4th,Tier 1,The Defense Season 3,0 : 2,1500.0,https://liquipedia.net/dota2/The_Defense/Season_3,1500.0,1500.0,Dota 2
1,2013-03-19,13th - 16th,Tier 1,EMS One Spring Season,0/-/3,2000.0,https://liquipedia.net/dota2/ESL_Major_Series_One/Spring/Main_Event,2000.0,3500.0,Dota 2
2,2013-04-10,1st,Tier 1,RaidCall Dota 2 League Season 2,3 : 1,5000.0,https://liquipedia.net/dota2/RaidCall_Dota_2_League_Season_2,5000.0,8500.0,Dota 2
3,2013-04-28,2nd,Tier 1,The Premier League Season 4,0 : 3,3000.0,https://liquipedia.net/dota2/The_Premier_League/Season_4,3000.0,11500.0,Dota 2
4,2013-05-25,5th - 6th,Tier 1,G-1 Champions League Season 5,1/-/4,1631.0,https://liquipedia.net/dota2/G-1_Champions_League_Season_5,1631.0,13131.0,Dota 2
5,2013-06-16,5th - 8th,Tier 1,DreamHack Summer 2013,1 : 2,1547.0,https://liquipedia.net/dota2/DreamHack/2013/Summer,1547.0,14678.0,Dota 2
6,2013-07-11,5th - 6th,Tier 1,RaidCall Dota 2 League Season 3,0 : 2,,https://liquipedia.net/dota2/RaidCall_Dota_2_League_Season_3,0.0,14678.0,Dota 2
7,2013-07-22,4th,Tier 1,The Defense Season 4,0 : 2,2000.0,https://liquipedia.net/dota2/The_Defense/Season_4,2000.0,16678.0,Dota 2
8,2013-08-09,7th - 8th,Tier 1,The International 2013,0 : 1,43116.0,https://liquipedia.net/dota2/The_International/2013,43116.0,59794.0,Dota 2
9,2013-11-03,3rd,Tier 1,WePlay Dota2 League Season 2,1 : 3,4000.0,https://liquipedia.net/dota2/WePlay_Dota2_League/2,4000.0,63794.0,Dota 2
10,2013-11-23,5th - 9th,Tier 1,MLG Championship Columbus,3/-/5,2739.0,https://liquipedia.net/dota2/MLG/2013/Fall_Season/Championship,2739.0,66533.0,Dota 2
11,2013-11-29,4th,Tier 1,DreamLeague Kick-Off Season,0 : 3,2500.0,https://liquipedia.net/dota2/DreamLeague/Kick-Off_Season,2500.0,69033.0,Dota 2
12,2013-12-16,4th,Tier 1,Dota 2 Champions League Season 1,1 : 3,3000.0,https://liquipedia.net/dota2/Dota_2_Champions_League/1,3000.0,72033.0,Dota 2
13,2014-03-05,7th - 10th,Tier 1,Dota 2 Champions League Season 2,5/-/5,,https://liquipedia.net/dota2/Dota_2_Champions_League/2,0.0,72033.0,Dota 2
14,2014-05-11,7th - 11th,Tier 1,DreamLeague Season 1,5/-/9,8000.0,https://liquipedia.net/dota2/DreamLeague/Season_1,8000.0,80033.0,Dota 2
15,2014-05-28,7th - 8th,Tier 1,HyperX D2L Western Challenge,1/-/6,,https://liquipedia.net/dota2/Dota_2_League/Western_Challenge,0.0,80033.0,Dota 2
16,2014-07-13,9th - 10th,Tier 1,The International 2014,0 : 2,49158.0,https://liquipedia.net/dota2/The_International/2014,49158.0,129191.0,Dota 2
17,2015-10-30,4th,Tier 1,Nanyang Dota 2 Championships,0 : 2,17615.0,https://liquipedia.net/dota2/Nanyang_Dota_2_Championships/Season_1,17615.0,146806.0,Dota 2
18,2015-12-06,1st,Tier 1,The Defense Season 5,3 : 1,39293.0,https://liquipedia.net/dota2/The_Defense/Season_5,39293.0,186099.0,Dota 2
19,2015-12-12,5th - 6th,Tier 1,The Summit 4,1 : 2,4020.0,https://liquipedia.net/dota2/The_Summit/4,4020.0,190119.0,Dota 2
20,2015-12-20,3rd,Tier 1,World Cyber Arena 2015,3 : 0,77132.0,https://liquipedia.net/dota2/World_Cyber_Arena/2015,77132.0,267251.0,Dota 2
21,2016-01-16,3rd - 4th,Tier 1,StarLadder i-League StarSeries Season 1,0 : 2,30223.0,https://liquipedia.net/dota2/StarLadder/i-League_StarSeries/1,30223.0,297474.0,Dota 2
22,2016-03-06,2nd,Tier 1,The Shanghai Major 2016,1 : 3,405000.0,https://liquipedia.net/dota2/Shanghai_Major/2016,405000.0,702474.0,Dota 2
23,2016-04-24,2nd,Tier 1,ESL One Manila 2016,0 : 3,50000.0,https://liquipedia.net/dota2/ESL_One/Manila/2016,50000.0,752474.0,Dota 2
24,2016-05-15,1st,Tier 1,EPICENTER 2016,3 : 2,250000.0,https://liquipedia.net/dota2/EPICENTER/2016,250000.0,1002474.0,Dota 2
25,2016-06-12,2nd,Tier 1,The Manila Major 2016,1 : 3,405000.0,https://liquipedia.net/dota2/Manila_Major/2016,405000.0,1407474.0,Dota 2
26,2016-06-19,3rd - 4th,Tier 1,ESL One Frankfurt 2016,1 : 2,28309.0,https://liquipedia.net/dota2/ESL_One/Frankfurt/2016,28309.0,1435783.0,Dota 2
27,2016-07-17,3rd,Tier 1,The Summit 5,1 : 2,13136.0,https://liquipedia.net/dota2/The_Summit/5,13136.0,1448919.0,Dota 2
28,2016-08-11,7th - 8th,Tier 1,The International 2016,0 : 2,519262.0,https://liquipedia.net/dota2/The_International/2016,519262.0,1968181.0,Dota 2
29,2017-02-26,1st,Tier 1,StarLadder i-League StarSeries Season 3,3 : 1,135000.0,https://liquipedia.net/dota2/StarLadder/i-League_StarSeries/3,135000.0,2103181.0,Dota 2
30,2017-04-01,9th - 12th,Tier 1,Dota 2 Asia Championships 2017,0 : 1,9179.0,https://liquipedia.net/dota2/Dota_2_Asia_Championships/2017,9179.0,2112360.0,Dota 2
31,2017-04-29,5th - 8th,Tier 1,The Kiev Major 2017,1 : 2,125000.0,https://liquipedia.net/dota2/Kiev_Major/2017,125000.0,2237360.0,Dota 2
32,2017-05-21,1st,Tier 1,StarLadder i-League Invitational Season 2,3 : 2,45000.0,https://liquipedia.net/dota2/StarLadder/i-League_Invitational/2,45000.0,2282360.0,Dota 2
33,2017-06-11,1st,Tier 1,EPICENTER 2017,3 : 1,250000.0,https://liquipedia.net/dota2/EPICENTER/2017,250000.0,2532360.0,Dota 2
34,2017-08-12,1st,Tier 1,The International 2017,3 : 0,10862683.0,https://liquipedia.net/dota2/The_International/2017,10862683.0,13395043.0,Dota 2
35,2017-10-29,3rd - 4th,Tier 1,ESL One Hamburg 2017,1 : 2,90000.0,https://liquipedia.net/dota2/ESL_One/Hamburg/2017,90000.0,13485043.0,Dota 2
36,2017-12-03,2nd,Tier 1,DreamLeague Season 8,0 : 3,200000.0,https://liquipedia.net/dota2/DreamLeague/Season_8,200000.0,13685043.0,Dota 2
37,2018-02-25,3rd - 4th,Tier 1,ESL One Katowice 2018,1 : 2,120000.0,https://liquipedia.net/dota2/ESL_One/Katowice/2018,120000.0,13805043.0,Dota 2
38,2018-03-10,3rd - 4th,Tier 1,The Bucharest Major,1 : 2,90000.0,https://liquipedia.net/dota2/PGL/Bucharest_Major/2018,90000.0,13895043.0,Dota 2
39,2018-04-06,5th - 6th,Tier 1,Dota 2 Asia Championships 2018,0 : 1,67500.0,https://liquipedia.net/dota2/Dota_2_Asia_Championships/2018,67500.0,13962543.0,Dota 2
40,2018-05-06,2nd,Tier 1,EPICENTER XL,1 : 3,200000.0,https://liquipedia.net/dota2/EPICENTER/2018,200000.0,14162543.0,Dota 2
41,2018-05-24,7th - 9th,Tier 1,ESL One Birmingham 2018,1 : 2,16000.0,https://liquipedia.net/dota2/ESL_One/Birmingham/2018,16000.0,14178543.0,Dota 2
42,2018-06-10,1st,Tier 1,China Dota2 Supermajor,3 : 2,555000.0,https://liquipedia.net/dota2/Supermajor/2018,555000.0,14733543.0,Dota 2
43,2018-08-24,4th,Tier 1,The International 2018,0 : 2,1787252.0,https://liquipedia.net/dota2/The_International/2018,1787252.0,16520795.0,Dota 2
44,2019-01-25,7th - 8th,Tier 1,The Chongqing Major,0 : 2,40000.0,https://liquipedia.net/dota2/Chongqing_Major/2019,40000.0,16560795.0,Dota 2
45,2019-03-17,13th - 16th,Tier 1,DreamLeague Season 11,0 : 1,10000.0,https://liquipedia.net/dota2/DreamLeague/Season_11,10000.0,16570795.0,Dota 2
46,2019-05-12,2nd,Tier 1,MDL Disneyland® Paris Major,1 : 3,170000.0,https://liquipedia.net/dota2/Mars_Dota_2_League/Disneyland_Paris_Major,170000.0,16740795.0,Dota 2
47,2019-06-30,2nd,Tier 1,EPICENTER Major 2019,2 : 3,170000.0,https://liquipedia.net/dota2/EPICENTER/2019,170000.0,16910795.0,Dota 2
48,2019-08-25,2nd,Tier 1,The International 2019,1 : 3,4462908.0,https://liquipedia.net/dota2/The_International/2019,4462908.0,21373703.0,Dota 2
49,2019-11-22,5th - 6th,Tier 1,MDL Chengdu Major,0 : 2,60000.0,https://liquipedia.net/dota2/Mars_Dota_2_League/Chengdu_Major/2019,60000.0,21433703.0,Dota 2
50,2019-12-18,11th - 12th,Tier 1,ONE Esports Invitational Singapore 2019,0/1/4,5000.0,https://liquipedia.net/dota2/ONE_Esports/World_Pro_Invitational/2019/Singapore,5000.0,21438703.0,Dota 2
51,2020-01-25,5th - 6th,Tier 1,DreamLeague Season 13,1 : 2,60000.0,https://liquipedia.net/dota2/DreamLeague/Season_13,60000.0,21498703.0,Dota 2
52,2020-09-04,5th - 6th,Tier 1,OMEGA League: Europe Immortal Division,0 : 2,20000.0,https://liquipedia.net/dota2/OMEGA_League/1/Europe/Immortal_Division,20000.0,21518703.0,Dota 2
53,2020-11-01,1st,Tier 1,ESL One Germany 2020,3 : 1,150000.0,https://liquipedia.net/dota2/ESL_One/Germany/2020,150000.0,21668703.0,Dota 2
54,2020-12-11,4th,Tier 1,EPIC League Season 2 Division 1,1 : 2,40000.0,https://liquipedia.net/dota2/EPIC_League/2/Division_1,40000.0,21708703.0,Dota 2
55,2021-04-01,9th - 12th,Tier 1,ONE Esports Singapore Major 2021,0 : 2,,https://liquipedia.net/dota2/ONE_Esports/Singapore_Major/2021,0.0,21708703.0,Dota 2
56,2021-06-07,13th - 14th,Tier 1,WePlay AniMajor,0/1/3,,https://liquipedia.net/dota2/WePlay/AniMajor/2021,0.0,21708703.0,Dota 2
57,2021-06-17,9th - 12th,Tier 1,ESL One Summer 2021,0 : 2,5000.0,https://liquipedia.net/dota2/ESL_One/Summer/2021,5000.0,21713703.0,Dota 2
58,2021-08-24,9th - 10th,Tier 1,ESL One Fall 2021,0/4/1,5000.0,https://liquipedia.net/dota2/ESL_One/Fall/2021,5000.0,21718703.0,Dota 2
59,2022-05-17,9th - 12th,Tier 1,ESL One Stockholm Major 2022,1 : 2,,https://liquipedia.net/dota2/ESL_One/Stockholm/2022,0.0,21718703.0,Dota 2
60,2022-07-22,9th - 10th,Tier 1,Riyadh Masters 2022,0/2/2,100000.0,https://liquipedia.net/dota2/Riyadh_Masters/2022,100000.0,21818703.0,Dota 2
61,2022-08-10,9th - 12th,Tier 1,PGL Arlington Major 2022,1 : 2,,https://liquipedia.net/dota2/PGL/Arlington_Major/2022,0.0,21818703.0,Dota 2
62,2022-08-25,11th - 12th,Tier 1,ESL One Malaysia 2022,0/4/1,5000.0,https://liquipedia.net/dota2/ESL_One/Malaysia/2022,5000.0,21823703.0,Dota 2
63,2022-10-30,3rd,Tier 1,The International 2022,1 : 2,1703810.0,https://liquipedia.net/dota2/The_International/2022,1703810.0,23527513.0,Dota 2
64,2023-03-05,2nd,Tier 1,The Lima Major 2023,0 : 3,100000.0,https://liquipedia.net/dota2/Lima_Major/2023,100000.0,23627513.0,Dota 2
65,2023-04-23,2nd,Tier 1,DreamLeague Season 19,2 : 3,175000.0,https://liquipedia.net/dota2/DreamLeague/Season_19,175000.0,23802513.0,Dota 2
66,2023-05-07,2nd,Tier 1,ESL One Berlin Major 2023,1 : 3,100000.0,https://liquipedia.net/dota2/ESL_One/Berlin_Major/2023,100000.0,23902513.0,Dota 2
67,2023-06-14,15th - 16th,Tier 1,DreamLeague Season 20,1/3/3,10000.0,https://liquipedia.net/dota2/DreamLeague/Season_20,10000.0,23912513.0,Dota 2
68,2023-07-09,2nd,Tier 1,The Bali Major 2023,1 : 3,100000.0,https://liquipedia.net/dota2/Bali_Major/2023,100000.0,24012513.0,Dota 2
69,2023-07-30,2nd,Tier 1,Riyadh Masters 2023,1 : 3,2500000.0,https://liquipedia.net/dota2/Riyadh_Masters/2023,2500000.0,26512513.0,Dota 2
70,2023-09-20,9th - 10th,Tier 1,DreamLeague Season 21,0/2/3,30000.0,https://liquipedia.net/dota2/DreamLeague/Season_21,30000.0,26542513.0,Dota 2
71,2023-10-28,5th - 6th,Tier 1,The International 2023,1 : 2,109925.0,https://liquipedia.net/dota2/The_International/2023,109925.0,26652438.0,Dota 2
72,2023-12-17,3rd,Tier 1,ESL One Kuala Lumpur 2023,1 : 2,120000.0,https://liquipedia.net/dota2/ESL_One/Kuala_Lumpur/2023,120000.0,26772438.0,Dota 2
73,2024-02-16,2nd,Tier 1,BetBoom Dacha Dubai 2024,0 : 3,200000.0,https://liquipedia.net/dota2/BetBoom_Dacha/Dubai/2024,200000.0,26972438.0,Dota 2
74,2024-02-28,13th - 14th,Tier 1,DreamLeague Season 22,0/4/3,15000.0,https://liquipedia.net/dota2/DreamLeague/Season_22,15000.0,26987438.0,Dota 2
75,2024-04-13,4th,Tier 1,Elite League Season 1,1 : 2,50000.0,https://liquipedia.net/dota2/Elite_League/1,50000.0,27037438.0,Dota 2
76,2024-04-26,5th - 6th,Tier 1,ESL One Birmingham 2024,1 : 2,57500.0,https://liquipedia.net/dota2/ESL_One/Birmingham/2024,57500.0,27094938.0,Dota 2
77,2024-05-18,5th - 6th,Tier 1,PGL Wallachia Season 1,0 : 2,60000.0,https://liquipedia.net/dota2/PGL/Wallachia/1,60000.0,27154938.0,Dota 2
78,2024-05-22,9th - 10th,Tier 1,DreamLeague Season 23,1/2/2,30000.0,https://liquipedia.net/dota2/DreamLeague/Season_23,30000.0,27184938.0,Dota 2
79,2024-07-21,2nd,Tier 1,Riyadh Masters 2024,0 : 3,800000.0,https://liquipedia.net/dota2/Riyadh_Masters/2024,800000.0,27984938.0,Dota 2
80,2024-09-15,1st,Tier 1,The International 2024,3 : 0,1249445.0,https://liquipedia.net/dota2/The_International/2024,1249445.0,29234383.0,Dota 2
81,2024-10-24,7th - 8th,Tier 1,BetBoom Dacha Belgrade 2024,1 : 2,30000.0,https://liquipedia.net/dota2/BetBoom_Dacha/Belgrade/2024,30000.0,29264383.0,Dota 2
82,2024-11-07,6th,Tier 1,DreamLeague Season 24,3/4,47500.0,https://liquipedia.net/dota2/DreamLeague/Season_24,47500.0,29311883.0,Dota 2
83,2024-11-29,5th - 6th,Tier 1,BLAST Slam I,0 : 2,50000.0,https://liquipedia.net/dota2/BLAST/Slam/1,50000.0,29361883.0,Dota 2
84,2024-12-15,2nd,Tier 1,ESL One Bangkok 2024,1 : 3,175000.0,https://liquipedia.net/dota2/ESL_One/Bangkok/2024,175000.0,29536883.0,Dota 2
85,2025-01-31,7th - 8th,Tier 1,FISSURE PLAYGROUND 1,1 : 2,35000.0,https://liquipedia.net/dota2/FISSURE/PLAYGROUND/1,35000.0,29571883.0,Dota 2
86,2025-02-06,7th - 8th,Tier 1,BLAST Slam II,1 : 2,30000.0,https://liquipedia.net/dota2/BLAST/Slam/2,30000.0,29601883.0,Dota 2
87,2025-02-27,7th,Tier 1,DreamLeague Season 25,1/6,30000.0,https://liquipedia.net/dota2/DreamLeague/Season_25,30000.0,29631883.0,Dota 2
88,2025-03-16,1st,Tier 1,PGL Wallachia Season 3,3 : 1,300000.0,https://liquipedia.net/dota2/PGL/Wallachia/3,300000.0,29931883.0,Dota 2
89,2025-03-28,7th - 8th,Tier 1,FISSURE Universe: Episode 4,0 : 2,10000.0,https://liquipedia.net/dota2/FISSURE/Universe/4,10000.0,29941883.0,Dota 2
90,2025-04-11,5th - 6th,Tier 1,ESL One Raleigh 2025,1 : 2,40000.0,https://liquipedia.net/dota2/ESL_One/Raleigh/2025,40000.0,29981883.0,Dota 2
91,2025-04-27,1st,Tier 1,PGL Wallachia Season 4,3 : 2,300000.0,https://liquipedia.net/dota2/PGL/Wallachia/4,300000.0,30281883.0,Dota 2
92,2025-05-07,9th - 10th,Tier 1,BLAST Slam III,1 : 2,25000.0,https://liquipedia.net/dota2/BLAST/Slam/3,25000.0,30306883.0,Dota 2
93,2025-05-29,8th,Tier 1,DreamLeague Season 26,1/6,25000.0,https://liquipedia.net/dota2/DreamLeague/Season_26,25000.0,30331883.0,Dota 2
94,2025-06-29,3rd,Tier 1,PGL Wallachia Season 5,0 : 2,120000.0,https://liquipedia.net/dota2/PGL/Wallachia/5,120000.0,30451883.0,Dota 2
95,2025-07-17,5th - 8th,Tier 1,Esports World Cup 2025,0 : 2,125000.0,https://liquipedia.net/dota2/Esports_World_Cup/2025,125000.0,30576883.0,Dota 2
96,2025-08-24,3rd,Tier 1,FISSURE Universe: Episode 6,0 : 2,30000.0,https://liquipedia.net/dota2/FISSURE/Universe/6,30000.0,30606883.0,Dota 2
97,2025-09-07,9th - 13th,Tier 1,The International 2025,1 : 2,51817.0,https://liquipedia.net/dota2/The_International/2025,51817.0,30658700.0,Dota 2
98,2025-10-19,9th - 10th,Tier 1,BLAST Slam IV,0 : 2,25000.0,https://liquipedia.net/dota2/BLAST/Slam/4,25000.0,30683700.0,Dota 2
99,2025-11-01,4th,Tier 1,FISSURE PLAYGROUND 2,1 : 2,60000.0,https://liquipedia.net/dota2/FISSURE/PLAYGROUND/2,60000.0,30743700.0,Dota 2
100,2025-11-23,3rd,Tier 1,PGL Wallachia Season 6,1 : 2,120000.0,https://liquipedia.net/dota2/PGL/Wallachia/6,120000.0,30863700.0,Dota 2
101,2025-12-15,9th - 16th,Tier 1,DreamLeague Season 27,2 : 0,10500.0,https://liquipedia.net/dota2/DreamLeague/27,10500.0,30874200.0,Dota 2
102,2026-02-15,1st,Tier 1,BLAST Slam VI,3 : 1,300000.0,https://liquipedia.net/dota2/BLAST/Slam/6,300000.0,31174200.0,Dota 2
103,2026-03-01,3rd,Tier 1,DreamLeague Season 28,0 : 2,80000.0,https://liquipedia.net/dota2/DreamLeague/28,80000.0,31254200.0,Dota 2
104,2026-03-15,2nd,Tier 1,PGL Wallachia Season 7,2 : 3,175000.0,https://liquipedia.net/dota2/PGL/Wallachia/7,175000.0,31429200.0,Dota 2
105,2026-04-25,4th,Tier 1,PGL Wallachia Season 8,1 : 2,80000.0,https://liquipedia.net/dota2/PGL/Wallachia/8,80000.0,31509200.0,Dota 2
106,2026-05-20,9th - 12th,Tier 1,DreamLeague Season 29,1 : 2,20000.0,https://liquipedia.net/dota2/DreamLeague/29,20000.0,31529200.0,Dota 2
107,2013-03-11,4th,Tier 1,The Defense Season 3,0 : 2,1500.0,https://liquipedia.net/dota2/The_Defense/Season_3,1500.0,1500.0,Dota 2 Without Internationals
108,2013-03-19,13th - 16th,Tier 1,EMS One Spring Season,0/-/3,2000.0,https://liquipedia.net/dota2/ESL_Major_Series_One/Spring/Main_Event,2000.0,3500.0,Dota 2 Without Internationals
109,2013-04-10,1st,Tier 1,RaidCall Dota 2 League Season 2,3 : 1,5000.0,https://liquipedia.net/dota2/RaidCall_Dota_2_League_Season_2,5000.0,8500.0,Dota 2 Without Internationals
110,2013-04-28,2nd,Tier 1,The Premier League Season 4,0 : 3,3000.0,https://liquipedia.net/dota2/The_Premier_League/Season_4,3000.0,11500.0,Dota 2 Without Internationals
111,2013-05-25,5th - 6th,Tier 1,G-1 Champions League Season 5,1/-/4,1631.0,https://liquipedia.net/dota2/G-1_Champions_League_Season_5,1631.0,13131.0,Dota 2 Without Internationals
112,2013-06-16,5th - 8th,Tier 1,DreamHack Summer 2013,1 : 2,1547.0,https://liquipedia.net/dota2/DreamHack/2013/Summer,1547.0,14678.0,Dota 2 Without Internationals
113,2013-07-11,5th - 6th,Tier 1,RaidCall Dota 2 League Season 3,0 : 2,,https://liquipedia.net/dota2/RaidCall_Dota_2_League_Season_3,0.0,14678.0,Dota 2 Without Internationals
114,2013-07-22,4th,Tier 1,The Defense Season 4,0 : 2,2000.0,https://liquipedia.net/dota2/The_Defense/Season_4,2000.0,16678.0,Dota 2 Without Internationals
115,2013-11-03,3rd,Tier 1,WePlay Dota2 League Season 2,1 : 3,4000.0,https://liquipedia.net/dota2/WePlay_Dota2_League/2,4000.0,20678.0,Dota 2 Without Internationals
116,2013-11-23,5th - 9th,Tier 1,MLG Championship Columbus,3/-/5,2739.0,https://liquipedia.net/dota2/MLG/2013/Fall_Season/Championship,2739.0,23417.0,Dota 2 Without Internationals
117,2013-11-29,4th,Tier 1,DreamLeague Kick-Off Season,0 : 3,2500.0,https://liquipedia.net/dota2/DreamLeague/Kick-Off_Season,2500.0,25917.0,Dota 2 Without Internationals
118,2013-12-16,4th,Tier 1,Dota 2 Champions League Season 1,1 : 3,3000.0,https://liquipedia.net/dota2/Dota_2_Champions_League/1,3000.0,28917.0,Dota 2 Without Internationals
119,2014-03-05,7th - 10th,Tier 1,Dota 2 Champions League Season 2,5/-/5,,https://liquipedia.net/dota2/Dota_2_Champions_League/2,0.0,28917.0,Dota 2 Without Internationals
120,2014-05-11,7th - 11th,Tier 1,DreamLeague Season 1,5/-/9,8000.0,https://liquipedia.net/dota2/DreamLeague/Season_1,8000.0,36917.0,Dota 2 Without Internationals
121,2014-05-28,7th - 8th,Tier 1,HyperX D2L Western Challenge,1/-/6,,https://liquipedia.net/dota2/Dota_2_League/Western_Challenge,0.0,36917.0,Dota 2 Without Internationals
122,2015-10-30,4th,Tier 1,Nanyang Dota 2 Championships,0 : 2,17615.0,https://liquipedia.net/dota2/Nanyang_Dota_2_Championships/Season_1,17615.0,54532.0,Dota 2 Without Internationals
123,2015-12-06,1st,Tier 1,The Defense Season 5,3 : 1,39293.0,https://liquipedia.net/dota2/The_Defense/Season_5,39293.0,93825.0,Dota 2 Without Internationals
124,2015-12-12,5th - 6th,Tier 1,The Summit 4,1 : 2,4020.0,https://liquipedia.net/dota2/The_Summit/4,4020.0,97845.0,Dota 2 Without Internationals
125,2015-12-20,3rd,Tier 1,World Cyber Arena 2015,3 : 0,77132.0,https://liquipedia.net/dota2/World_Cyber_Arena/2015,77132.0,174977.0,Dota 2 Without Internationals
126,2016-01-16,3rd - 4th,Tier 1,StarLadder i-League StarSeries Season 1,0 : 2,30223.0,https://liquipedia.net/dota2/StarLadder/i-League_StarSeries/1,30223.0,205200.0,Dota 2 Without Internationals
127,2016-03-06,2nd,Tier 1,The Shanghai Major 2016,1 : 3,405000.0,https://liquipedia.net/dota2/Shanghai_Major/2016,405000.0,610200.0,Dota 2 Without Internationals
128,2016-04-24,2nd,Tier 1,ESL One Manila 2016,0 : 3,50000.0,https://liquipedia.net/dota2/ESL_One/Manila/2016,50000.0,660200.0,Dota 2 Without Internationals
129,2016-05-15,1st,Tier 1,EPICENTER 2016,3 : 2,250000.0,https://liquipedia.net/dota2/EPICENTER/2016,250000.0,910200.0,Dota 2 Without Internationals
130,2016-06-12,2nd,Tier 1,The Manila Major 2016,1 : 3,405000.0,https://liquipedia.net/dota2/Manila_Major/2016,405000.0,1315200.0,Dota 2 Without Internationals
131,2016-06-19,3rd - 4th,Tier 1,ESL One Frankfurt 2016,1 : 2,28309.0,https://liquipedia.net/dota2/ESL_One/Frankfurt/2016,28309.0,1343509.0,Dota 2 Without Internationals
132,2016-07-17,3rd,Tier 1,The Summit 5,1 : 2,13136.0,https://liquipedia.net/dota2/The_Summit/5,13136.0,1356645.0,Dota 2 Without Internationals
133,2017-02-26,1st,Tier 1,StarLadder i-League StarSeries Season 3,3 : 1,135000.0,https://liquipedia.net/dota2/StarLadder/i-League_StarSeries/3,135000.0,1491645.0,Dota 2 Without Internationals
134,2017-04-01,9th - 12th,Tier 1,Dota 2 Asia Championships 2017,0 : 1,9179.0,https://liquipedia.net/dota2/Dota_2_Asia_Championships/2017,9179.0,1500824.0,Dota 2 Without Internationals
135,2017-04-29,5th - 8th,Tier 1,The Kiev Major 2017,1 : 2,125000.0,https://liquipedia.net/dota2/Kiev_Major/2017,125000.0,1625824.0,Dota 2 Without Internationals
136,2017-05-21,1st,Tier 1,StarLadder i-League Invitational Season 2,3 : 2,45000.0,https://liquipedia.net/dota2/StarLadder/i-League_Invitational/2,45000.0,1670824.0,Dota 2 Without Internationals
137,2017-06-11,1st,Tier 1,EPICENTER 2017,3 : 1,250000.0,https://liquipedia.net/dota2/EPICENTER/2017,250000.0,1920824.0,Dota 2 Without Internationals
138,2017-10-29,3rd - 4th,Tier 1,ESL One Hamburg 2017,1 : 2,90000.0,https://liquipedia.net/dota2/ESL_One/Hamburg/2017,90000.0,2010824.0,Dota 2 Without Internationals
139,2017-12-03,2nd,Tier 1,DreamLeague Season 8,0 : 3,200000.0,https://liquipedia.net/dota2/DreamLeague/Season_8,200000.0,2210824.0,Dota 2 Without Internationals
140,2018-02-25,3rd - 4th,Tier 1,ESL One Katowice 2018,1 : 2,120000.0,https://liquipedia.net/dota2/ESL_One/Katowice/2018,120000.0,2330824.0,Dota 2 Without Internationals
141,2018-03-10,3rd - 4th,Tier 1,The Bucharest Major,1 : 2,90000.0,https://liquipedia.net/dota2/PGL/Bucharest_Major/2018,90000.0,2420824.0,Dota 2 Without Internationals
142,2018-04-06,5th - 6th,Tier 1,Dota 2 Asia Championships 2018,0 : 1,67500.0,https://liquipedia.net/dota2/Dota_2_Asia_Championships/2018,67500.0,2488324.0,Dota 2 Without Internationals
143,2018-05-06,2nd,Tier 1,EPICENTER XL,1 : 3,200000.0,https://liquipedia.net/dota2/EPICENTER/2018,200000.0,2688324.0,Dota 2 Without Internationals
144,2018-05-24,7th - 9th,Tier 1,ESL One Birmingham 2018,1 : 2,16000.0,https://liquipedia.net/dota2/ESL_One/Birmingham/2018,16000.0,2704324.0,Dota 2 Without Internationals
145,2018-06-10,1st,Tier 1,China Dota2 Supermajor,3 : 2,555000.0,https://liquipedia.net/dota2/Supermajor/2018,555000.0,3259324.0,Dota 2 Without Internationals
146,2019-01-25,7th - 8th,Tier 1,The Chongqing Major,0 : 2,40000.0,https://liquipedia.net/dota2/Chongqing_Major/2019,40000.0,3299324.0,Dota 2 Without Internationals
147,2019-03-17,13th - 16th,Tier 1,DreamLeague Season 11,0 : 1,10000.0,https://liquipedia.net/dota2/DreamLeague/Season_11,10000.0,3309324.0,Dota 2 Without Internationals
148,2019-05-12,2nd,Tier 1,MDL Disneyland® Paris Major,1 : 3,170000.0,https://liquipedia.net/dota2/Mars_Dota_2_League/Disneyland_Paris_Major,170000.0,3479324.0,Dota 2 Without Internationals
149,2019-06-30,2nd,Tier 1,EPICENTER Major 2019,2 : 3,170000.0,https://liquipedia.net/dota2/EPICENTER/2019,170000.0,3649324.0,Dota 2 Without Internationals
150,2019-11-22,5th - 6th,Tier 1,MDL Chengdu Major,0 : 2,60000.0,https://liquipedia.net/dota2/Mars_Dota_2_League/Chengdu_Major/2019,60000.0,3709324.0,Dota 2 Without Internationals
151,2019-12-18,11th - 12th,Tier 1,ONE Esports Invitational Singapore 2019,0/1/4,5000.0,https://liquipedia.net/dota2/ONE_Esports/World_Pro_Invitational/2019/Singapore,5000.0,3714324.0,Dota 2 Without Internationals
152,2020-01-25,5th - 6th,Tier 1,DreamLeague Season 13,1 : 2,60000.0,https://liquipedia.net/dota2/DreamLeague/Season_13,60000.0,3774324.0,Dota 2 Without Internationals
153,2020-09-04,5th - 6th,Tier 1,OMEGA League: Europe Immortal Division,0 : 2,20000.0,https://liquipedia.net/dota2/OMEGA_League/1/Europe/Immortal_Division,20000.0,3794324.0,Dota 2 Without Internationals
154,2020-11-01,1st,Tier 1,ESL One Germany 2020,3 : 1,150000.0,https://liquipedia.net/dota2/ESL_One/Germany/2020,150000.0,3944324.0,Dota 2 Without Internationals
155,2020-12-11,4th,Tier 1,EPIC League Season 2 Division 1,1 : 2,40000.0,https://liquipedia.net/dota2/EPIC_League/2/Division_1,40000.0,3984324.0,Dota 2 Without Internationals
156,2021-04-01,9th - 12th,Tier 1,ONE Esports Singapore Major 2021,0 : 2,,https://liquipedia.net/dota2/ONE_Esports/Singapore_Major/2021,0.0,3984324.0,Dota 2 Without Internationals
157,2021-06-07,13th - 14th,Tier 1,WePlay AniMajor,0/1/3,,https://liquipedia.net/dota2/WePlay/AniMajor/2021,0.0,3984324.0,Dota 2 Without Internationals
158,2021-06-17,9th - 12th,Tier 1,ESL One Summer 2021,0 : 2,5000.0,https://liquipedia.net/dota2/ESL_One/Summer/2021,5000.0,3989324.0,Dota 2 Without Internationals
159,2021-08-24,9th - 10th,Tier 1,ESL One Fall 2021,0/4/1,5000.0,https://liquipedia.net/dota2/ESL_One/Fall/2021,5000.0,3994324.0,Dota 2 Without Internationals
160,2022-05-17,9th - 12th,Tier 1,ESL One Stockholm Major 2022,1 : 2,,https://liquipedia.net/dota2/ESL_One/Stockholm/2022,0.0,3994324.0,Dota 2 Without Internationals
161,2022-07-22,9th - 10th,Tier 1,Riyadh Masters 2022,0/2/2,100000.0,https://liquipedia.net/dota2/Riyadh_Masters/2022,100000.0,4094324.0,Dota 2 Without Internationals
162,2022-08-10,9th - 12th,Tier 1,PGL Arlington Major 2022,1 : 2,,https://liquipedia.net/dota2/PGL/Arlington_Major/2022,0.0,4094324.0,Dota 2 Without Internationals
163,2022-08-25,11th - 12th,Tier 1,ESL One Malaysia 2022,0/4/1,5000.0,https://liquipedia.net/dota2/ESL_One/Malaysia/2022,5000.0,4099324.0,Dota 2 Without Internationals
164,2023-03-05,2nd,Tier 1,The Lima Major 2023,0 : 3,100000.0,https://liquipedia.net/dota2/Lima_Major/2023,100000.0,4199324.0,Dota 2 Without Internationals
165,2023-04-23,2nd,Tier 1,DreamLeague Season 19,2 : 3,175000.0,https://liquipedia.net/dota2/DreamLeague/Season_19,175000.0,4374324.0,Dota 2 Without Internationals
166,2023-05-07,2nd,Tier 1,ESL One Berlin Major 2023,1 : 3,100000.0,https://liquipedia.net/dota2/ESL_One/Berlin_Major/2023,100000.0,4474324.0,Dota 2 Without Internationals
167,2023-06-14,15th - 16th,Tier 1,DreamLeague Season 20,1/3/3,10000.0,https://liquipedia.net/dota2/DreamLeague/Season_20,10000.0,4484324.0,Dota 2 Without Internationals
168,2023-07-09,2nd,Tier 1,The Bali Major 2023,1 : 3,100000.0,https://liquipedia.net/dota2/Bali_Major/2023,100000.0,4584324.0,Dota 2 Without Internationals
169,2023-07-30,2nd,Tier 1,Riyadh Masters 2023,1 : 3,2500000.0,https://liquipedia.net/dota2/Riyadh_Masters/2023,2500000.0,7084324.0,Dota 2 Without Internationals
170,2023-09-20,9th - 10th,Tier 1,DreamLeague Season 21,0/2/3,30000.0,https://liquipedia.net/dota2/DreamLeague/Season_21,30000.0,7114324.0,Dota 2 Without Internationals
171,2023-12-17,3rd,Tier 1,ESL One Kuala Lumpur 2023,1 : 2,120000.0,https://liquipedia.net/dota2/ESL_One/Kuala_Lumpur/2023,120000.0,7234324.0,Dota 2 Without Internationals
172,2024-02-16,2nd,Tier 1,BetBoom Dacha Dubai 2024,0 : 3,200000.0,https://liquipedia.net/dota2/BetBoom_Dacha/Dubai/2024,200000.0,7434324.0,Dota 2 Without Internationals
173,2024-02-28,13th - 14th,Tier 1,DreamLeague Season 22,0/4/3,15000.0,https://liquipedia.net/dota2/DreamLeague/Season_22,15000.0,7449324.0,Dota 2 Without Internationals
174,2024-04-13,4th,Tier 1,Elite League Season 1,1 : 2,50000.0,https://liquipedia.net/dota2/Elite_League/1,50000.0,7499324.0,Dota 2 Without Internationals
175,2024-04-26,5th - 6th,Tier 1,ESL One Birmingham 2024,1 : 2,57500.0,https://liquipedia.net/dota2/ESL_One/Birmingham/2024,57500.0,7556824.0,Dota 2 Without Internationals
176,2024-05-18,5th - 6th,Tier 1,PGL Wallachia Season 1,0 : 2,60000.0,https://liquipedia.net/dota2/PGL/Wallachia/1,60000.0,7616824.0,Dota 2 Without Internationals
177,2024-05-22,9th - 10th,Tier 1,DreamLeague Season 23,1/2/2,30000.0,https://liquipedia.net/dota2/DreamLeague/Season_23,30000.0,7646824.0,Dota 2 Without Internationals
178,2024-07-21,2nd,Tier 1,Riyadh Masters 2024,0 : 3,800000.0,https://liquipedia.net/dota2/Riyadh_Masters/2024,800000.0,8446824.0,Dota 2 Without Internationals
179,2024-10-24,7th - 8th,Tier 1,BetBoom Dacha Belgrade 2024,1 : 2,30000.0,https://liquipedia.net/dota2/BetBoom_Dacha/Belgrade/2024,30000.0,8476824.0,Dota 2 Without Internationals
180,2024-11-07,6th,Tier 1,DreamLeague Season 24,3/4,47500.0,https://liquipedia.net/dota2/DreamLeague/Season_24,47500.0,8524324.0,Dota 2 Without Internationals
181,2024-11-29,5th - 6th,Tier 1,BLAST Slam I,0 : 2,50000.0,https://liquipedia.net/dota2/BLAST/Slam/1,50000.0,8574324.0,Dota 2 Without Internationals
182,2024-12-15,2nd,Tier 1,ESL One Bangkok 2024,1 : 3,175000.0,https://liquipedia.net/dota2/ESL_One/Bangkok/2024,175000.0,8749324.0,Dota 2 Without Internationals
183,2025-01-31,7th - 8th,Tier 1,FISSURE PLAYGROUND 1,1 : 2,35000.0,https://liquipedia.net/dota2/FISSURE/PLAYGROUND/1,35000.0,8784324.0,Dota 2 Without Internationals
184,2025-02-06,7th - 8th,Tier 1,BLAST Slam II,1 : 2,30000.0,https://liquipedia.net/dota2/BLAST/Slam/2,30000.0,8814324.0,Dota 2 Without Internationals
185,2025-02-27,7th,Tier 1,DreamLeague Season 25,1/6,30000.0,https://liquipedia.net/dota2/DreamLeague/Season_25,30000.0,8844324.0,Dota 2 Without Internationals
186,2025-03-16,1st,Tier 1,PGL Wallachia Season 3,3 : 1,300000.0,https://liquipedia.net/dota2/PGL/Wallachia/3,300000.0,9144324.0,Dota 2 Without Internationals
187,2025-03-28,7th - 8th,Tier 1,FISSURE Universe: Episode 4,0 : 2,10000.0,https://liquipedia.net/dota2/FISSURE/Universe/4,10000.0,9154324.0,Dota 2 Without Internationals
188,2025-04-11,5th - 6th,Tier 1,ESL One Raleigh 2025,1 : 2,40000.0,https://liquipedia.net/dota2/ESL_One/Raleigh/2025,40000.0,9194324.0,Dota 2 Without Internationals
189,2025-04-27,1st,Tier 1,PGL Wallachia Season 4,3 : 2,300000.0,https://liquipedia.net/dota2/PGL/Wallachia/4,300000.0,9494324.0,Dota 2 Without Internationals
190,2025-05-07,9th - 10th,Tier 1,BLAST Slam III,1 : 2,25000.0,https://liquipedia.net/dota2/BLAST/Slam/3,25000.0,9519324.0,Dota 2 Without Internationals
191,2025-05-29,8th,Tier 1,DreamLeague Season 26,1/6,25000.0,https://liquipedia.net/dota2/DreamLeague/Season_26,25000.0,9544324.0,Dota 2 Without Internationals
192,2025-06-29,3rd,Tier 1,PGL Wallachia Season 5,0 : 2,120000.0,https://liquipedia.net/dota2/PGL/Wallachia/5,120000.0,9664324.0,Dota 2 Without Internationals
193,2025-07-17,5th - 8th,Tier 1,Esports World Cup 2025,0 : 2,125000.0,https://liquipedia.net/dota2/Esports_World_Cup/2025,125000.0,9789324.0,Dota 2 Without Internationals
194,2025-08-24,3rd,Tier 1,FISSURE Universe: Episode 6,0 : 2,30000.0,https://liquipedia.net/dota2/FISSURE/Universe/6,30000.0,9819324.0,Dota 2 Without Internationals
195,2025-10-19,9th - 10th,Tier 1,BLAST Slam IV,0 : 2,25000.0,https://liquipedia.net/dota2/BLAST/Slam/4,25000.0,9844324.0,Dota 2 Without Internationals
196,2025-11-01,4th,Tier 1,FISSURE PLAYGROUND 2,1 : 2,60000.0,https://liquipedia.net/dota2/FISSURE/PLAYGROUND/2,60000.0,9904324.0,Dota 2 Without Internationals
197,2025-11-23,3rd,Tier 1,PGL Wallachia Season 6,1 : 2,120000.0,https://liquipedia.net/dota2/PGL/Wallachia/6,120000.0,10024324.0,Dota 2 Without Internationals
198,2025-12-15,9th - 16th,Tier 1,DreamLeague Season 27,2 : 0,10500.0,https://liquipedia.net/dota2/DreamLeague/27,10500.0,10034824.0,Dota 2 Without Internationals
199,2026-02-15,1st,Tier 1,BLAST Slam VI,3 : 1,300000.0,https://liquipedia.net/dota2/BLAST/Slam/6,300000.0,10334824.0,Dota 2 Without Internationals
200,2026-03-01,3rd,Tier 1,DreamLeague Season 28,0 : 2,80000.0,https://liquipedia.net/dota2/DreamLeague/28,80000.0,10414824.0,Dota 2 Without Internationals
201,2026-03-15,2nd,Tier 1,PGL Wallachia Season 7,2 : 3,175000.0,https://liquipedia.net/dota2/PGL/Wallachia/7,175000.0,10589824.0,Dota 2 Without Internationals
202,2026-04-25,4th,Tier 1,PGL Wallachia Season 8,1 : 2,80000.0,https://liquipedia.net/dota2/PGL/Wallachia/8,80000.0,10669824.0,Dota 2 Without Internationals
203,2026-05-20,9th - 12th,Tier 1,DreamLeague Season 29,1 : 2,20000.0,https://liquipedia.net/dota2/DreamLeague/29,20000.0,10689824.0,Dota 2 Without Internationals
204,2015-04-18,3rd,S-Tier,NA LCS 2015 Spring,3 : 2,15000.0,https://liquipedia.net/leagueoflegends/LCS/North_America/2015/Spring,15000.0,15000.0,LoL
205,2015-08-22,3rd,S-Tier,NA LCS 2015 Summer,3 : 1,15000.0,https://liquipedia.net/leagueoflegends/LCS/North_America/2015/Summer,15000.0,30000.0,LoL
206,2016-04-16,4th,S-Tier,NA LCS 2016 Spring,0 : 3,10000.0,https://liquipedia.net/leagueoflegends/LCS/North_America/2016/Spring,10000.0,40000.0,LoL
207,2016-08-14,5th - 6th,S-Tier,NA LCS 2016 Summer,1 : 3,,https://liquipedia.net/leagueoflegends/LCS/North_America/2016/Summer,0.0,40000.0,LoL
208,2017-03-26,9th,S-Tier,NA LCS 2017 Spring,5/13,,https://liquipedia.net/leagueoflegends/LCS/North_America/2017/Spring,0.0,40000.0,LoL
209,2017-08-06,10th,S-Tier,NA LCS 2017 Summer,4/14,,https://liquipedia.net/leagueoflegends/LCS/North_America/2017/Summer,0.0,40000.0,LoL
210,2018-04-08,1st,S-Tier,NA LCS 2018 Spring,3 : 0,100000.0,https://liquipedia.net/leagueoflegends/LCS/North_America/2018/Spring,100000.0,140000.0,LoL
211,2018-05-15,5th,S-Tier,2018 Mid-Season Invitational,4/6,68526.0,https://liquipedia.net/leagueoflegends/Mid-Season_Invitational/2018,68526.0,208526.0,LoL
212,2018-09-09,1st,S-Tier,NA LCS 2018 Summer,3 : 0,100000.0,https://liquipedia.net/leagueoflegends/LCS/North_America/2018/Summer,100000.0,308526.0,LoL
213,2018-11-03,9th - 12th,S-Tier,2018 World Championship,3/3,145125.0,https://liquipedia.net/leagueoflegends/World_Championship/2018,145125.0,453651.0,LoL
214,2019-04-13,1st,S-Tier,LCS 2019 Spring,3 : 2,100000.0,https://liquipedia.net/leagueoflegends/LCS/2019/Spring,100000.0,553651.0,LoL
215,2019-05-19,2nd,S-Tier,2019 Mid-Season Invitational,0 : 3,200000.0,https://liquipedia.net/leagueoflegends/Mid-Season_Invitational/2019,200000.0,753651.0,LoL
216,2019-08-25,1st,S-Tier,LCS 2019 Summer,3 : 2,100000.0,https://liquipedia.net/leagueoflegends/LCS/2019/Summer,100000.0,853651.0,LoL
217,2019-10-20,9th - 12th,S-Tier,2019 World Championship,3/3,50063.0,https://liquipedia.net/leagueoflegends/World_Championship/2019,50063.0,903714.0,LoL
218,2020-04-19,9th,S-Tier,LCS 2020 Spring,7-11,,https://liquipedia.net/leagueoflegends/LCS/2020/Spring,0.0,903714.0,LoL
219,2020-09-05,3rd,S-Tier,LCS 2020 Summer,2 : 3,30000.0,https://liquipedia.net/leagueoflegends/LCS/2020/Summer,30000.0,933714.0,LoL
220,2020-10-08,9th - 12th,S-Tier,2020 World Championship,3/3,55625.0,https://liquipedia.net/leagueoflegends/World_Championship/2020,55625.0,989339.0,LoL
221,2021-04-11,2nd,S-Tier,LCS 2021 Spring,2 : 3,50000.0,https://liquipedia.net/leagueoflegends/LCS/2021/Spring,50000.0,1039339.0,LoL
222,2021-08-29,2nd,S-Tier,LCS 2021 Summer,0 : 3,50000.0,https://liquipedia.net/leagueoflegends/LCS/2021/Summer,50000.0,1089339.0,LoL
223,2021-10-18,12th - 13th,S-Tier,2021 World Championship,3/3,52844.0,https://liquipedia.net/leagueoflegends/World_Championship/2021,52844.0,1142183.0,LoL
224,2022-04-23,3rd,S-Tier,LCS 2022 Spring,0 : 3,30000.0,https://liquipedia.net/leagueoflegends/LCS/2022/Spring,30000.0,1172183.0,LoL
225,2022-09-04,4th,S-Tier,LCS 2022 Summer,2 : 3,20000.0,https://liquipedia.net/leagueoflegends/LCS/2022/Summer,20000.0,1192183.0,LoL
226,2023-03-18,8th,S-Tier,LCS 2023 Spring,8/10,,https://liquipedia.net/leagueoflegends/LCS/2023/Spring,0.0,1192183.0,LoL
227,2023-08-19,3rd,S-Tier,LCS 2023 Summer,2 : 3,30000.0,https://liquipedia.net/leagueoflegends/LCS/2023/Summer,30000.0,1222183.0,LoL
228,2023-11-19,15th - 16th,S-Tier,2023 World Championship,0/3,50063.0,https://liquipedia.net/leagueoflegends/World_Championship/2023,50063.0,1272246.0,LoL
229,2024-03-31,1st,S-Tier,LCS 2024 Spring,3 : 1,100000.0,https://liquipedia.net/leagueoflegends/LCS/2024/Spring,100000.0,1372246.0,LoL
230,2024-05-15,5th - 6th,S-Tier,2024 Mid-Season Invitational,1 : 3,20000.0,https://liquipedia.net/leagueoflegends/Mid-Season_Invitational/2024,20000.0,1392246.0,LoL
231,2024-07-06,3rd - 4th,S-Tier,Esports World Cup 2024,1 : 2,100000.0,https://liquipedia.net/leagueoflegends/Esports_World_Cup/2024,100000.0,1492246.0,LoL
232,2024-09-07,2nd,S-Tier,LCS 2024 Summer,1 : 3,50000.0,https://liquipedia.net/leagueoflegends/LCS/2024/Summer,50000.0,1542246.0,LoL
233,2024-11-02,9th - 11th,S-Tier,2024 World Championship,2/3,77875.0,https://liquipedia.net/leagueoflegends/World_Championship/2024,77875.0,1620121.0,LoL
234,2025-02-10,4th,S-Tier,LTA North 2025 Split 1,0 : 1,,https://liquipedia.net/leagueoflegends/LTA/2025/Split_1/North,0.0,1620121.0,LoL
235,2025-02-23,1st,S-Tier,LTA 2025 Cross-Conference,3 : 0,,https://liquipedia.net/leagueoflegends/LTA/2025/Cross-Conference,0.0,1620121.0,LoL
236,2025-03-14,5th,S-Tier,2025 First Stand Tournament,1/3,130000.0,https://liquipedia.net/leagueoflegends/First_Stand_Tournament/2025,130000.0,1750121.0,LoL
237,2025-06-08,4th,S-Tier,LTA North 2025 Split 2,1 : 3,16000.0,https://liquipedia.net/leagueoflegends/LTA/2025/Split_2/North,16000.0,1766121.0,LoL
238,2025-08-30,5th - 6th,S-Tier,LTA North 2025 Split 3,0 : 3,,https://liquipedia.net/leagueoflegends/LTA/2025/Split_3/North,0.0,1766121.0,LoL
239,2026-02-27,4th,S-Tier,LCS 2026 Lock-In,1 : 3,,https://liquipedia.net/leagueoflegends/LCS/2026/Lock-In,0.0,1766121.0,LoL
379,2018-02-15,9th - 12th,S-Tier,Six Invitational 2018,1 : 2,10000.0,https://liquipedia.net/rainbowsix/Six_Invitational/2018,10000.0,10000.0,R6
380,2018-05-20,1st,S-Tier,Pro League Season 7 - Finals,2 : 1,75000.0,https://liquipedia.net/rainbowsix/Pro_League/Season_7/Finals,75000.0,85000.0,R6
381,2018-08-14,13th - 16th,S-Tier,Six Major Paris 2018,0 : 2,4000.0,https://liquipedia.net/rainbowsix/Six_Major/2018,4000.0,89000.0,R6
382,2019-02-15,5th - 8th,S-Tier,Six Invitational 2019,1 : 2,80000.0,https://liquipedia.net/rainbowsix/Six_Invitational/2019,80000.0,169000.0,R6
383,2020-02-10,9th - 12th,S-Tier,Six Invitational 2020,1/2,80000.0,https://liquipedia.net/rainbowsix/Six_Invitational/2020,80000.0,249000.0,R6
384,2021-05-23,2nd,S-Tier,Six Invitational 2021,2 : 3,450000.0,https://liquipedia.net/rainbowsix/Six_Invitational/2021,450000.0,699000.0,R6
385,2021-08-22,3rd - 4th,S-Tier,Six Mexico Major 2021,1 : 2,40000.0,https://liquipedia.net/rainbowsix/Six_Major/2021/Stage_2,40000.0,739000.0,R6
386,2022-02-18,5th - 6th,S-Tier,Six Invitational 2022,0 : 2,135000.0,https://liquipedia.net/rainbowsix/Six_Invitational/2022,135000.0,874000.0,R6
387,2022-05-22,3rd - 4th,S-Tier,Six Charlotte Major 2022,1 : 2,40000.0,https://liquipedia.net/rainbowsix/Six_Major/2022/Stage_1,40000.0,914000.0,R6
388,2022-08-07,3rd - 4th,S-Tier,Gamers8 2022,0 : 2,155000.0,https://liquipedia.net/rainbowsix/Gamers8/2022,155000.0,1069000.0,R6
389,2022-11-27,2nd,S-Tier,Six Jönköping Major 2022,2 : 3,80000.0,https://liquipedia.net/rainbowsix/Six_Major/2022/Stage_3,80000.0,1149000.0,R6
390,2023-02-14,13th - 16th,S-Tier,Six Invitational 2023,1 : 2,55000.0,https://liquipedia.net/rainbowsix/Six_Invitational/2023,55000.0,1204000.0,R6
391,2023-05-07,2nd,S-Tier,BLAST R6 Major Copenhagen 2023,0 : 3,87000.0,https://liquipedia.net/rainbowsix/BLAST_Major/2023/Stage_1,87000.0,1291000.0,R6
392,2024-02-20,9th - 12th,S-Tier,Six Invitational 2024,0 : 2,75000.0,https://liquipedia.net/rainbowsix/Six_Invitational/2024,75000.0,1366000.0,R6
393,2024-05-25,3rd - 4th,S-Tier,BLAST R6 Major Manchester 2024,0 : 2,51000.0,https://liquipedia.net/rainbowsix/BLAST_Major/2024/Stage_1,51000.0,1417000.0,R6
394,2024-08-03,3rd - 4th,S-Tier,Esports World Cup 2024,0 : 2,160000.0,https://liquipedia.net/rainbowsix/Esports_World_Cup/2024,160000.0,1577000.0,R6
395,2024-11-17,9th - 11th,S-Tier,BLAST R6 Major Montreal 2024,2/3,21500.0,https://liquipedia.net/rainbowsix/BLAST_Major/2024/Stage_2,21500.0,1598500.0,R6
396,2025-02-10,13th - 16th,S-Tier,Six Invitational 2025,1 : 2,55000.0,https://liquipedia.net/rainbowsix/Six_Invitational/2025,55000.0,1653500.0,R6
397,2025-05-13,9th - 16th,S-Tier,RE:L0:AD 2025,2/2,12000.0,https://liquipedia.net/rainbowsix/Reload/2025,12000.0,1665500.0,R6
